Column1,Column2,first 500 UK
"[[2], [1, 3, 4]]",0.819209207,0.819209207
"[[2], [1, 3, 4]]",0.819024587,0.819024587
"[[2], [1, 3, 4]]",0.820758855,0.820758855
"[[2], [1, 3, 4]]",0.820353909,0.820353909
"[[2], [1, 3, 4]]",0.819072141,0.819072141
"[[2], [1, 3, 4]]",0.818021557,0.818021557
"[[2], [1, 3, 4]]",0.818059521,0.818059521
"[[2], [1, 3, 4]]",0.81952549,0.81952549
"[[2], [1, 3, 4]]",0.820950534,0.820950534
"[[2], [1, 3, 4]]",0.823961337,0.823961337
"[[2], [1, 3, 4]]",0.826760743,0.826760743
"[[2], [1, 3, 4]]",0.828481367,0.828481367
"[[2], [1, 3, 4]]",0.829462618,0.829462618
"[[2], [1, 3, 4]]",0.830865853,0.830865853
"[[2], [1, 3, 4]]",0.832899471,0.832899471
"[[2], [1, 3, 4]]",0.835419128,0.835419128
"[[2], [1, 3, 4]]",0.838189738,0.838189738
"[[2], [1, 3, 4]]",0.840726204,0.840726204
"[[2], [1, 3, 4]]",0.845718753,0.845718753
"[[2], [1, 3, 4]]",0.855617196,0.855617196
"[[2], [1, 3, 4]]",0.860515631,0.860515631
"[[2], [1, 3, 4]]",0.863325358,0.863325358
"[[2], [1, 3, 4]]",0.866107747,0.866107747
"[[2], [1, 3, 4]]",0.866932051,0.866932051
"[[2], [1, 3, 4]]",0.867192295,0.867192295
"[[2], [1, 3, 4]]",0.865992261,0.865992261
"[[2], [1, 3, 4]]",0.86227967,0.86227967
"[[2], [1, 3, 4]]",0.860078753,0.860078753
"[[2], [1, 3, 4]]",0.859945903,0.859945903
"[[2], [1, 3, 4]]",0.860040322,0.860040322
"[[2], [1, 3, 4]]",0.859832456,0.859832456
"[[2], [1, 3, 4]]",0.859438997,0.859438997
"[[2], [1, 3, 4]]",0.859424051,0.859424051
"[[2], [1, 3, 4]]",0.86044082,0.86044082
"[[2], [1, 3, 4]]",0.861913253,0.861913253
"[[2], [1, 3, 4]]",0.86323527,0.86323527
"[[2], [1, 3, 4]]",0.864422062,0.864422062
"[[2], [1, 3, 4]]",0.865127249,0.865127249
"[[2], [1, 3, 4]]",0.865673353,0.865673353
"[[2], [1, 3, 4]]",0.8660653,0.8660653
"[[2], [1, 3, 4]]",0.866965966,0.866965966
"[[2], [1, 3, 4]]",0.868038449,0.868038449
"[[2], [1, 3, 4]]",0.868915171,0.868915171
"[[2], [1, 3, 4]]",0.870689791,0.870689791
"[[2], [1, 3, 4]]",0.871888196,0.871888196
"[[2], [1, 3, 4]]",0.87273892,0.87273892
"[[2], [1, 3, 4]]",0.873263271,0.873263271
"[[2], [1, 3, 4]]",0.873727628,0.873727628
"[[2], [1, 3, 4]]",0.87415219,0.87415219
"[[2], [1, 3, 4]]",0.873907553,0.873907553
"[[2], [1, 3, 4]]",0.874049105,0.874049105
"[[2], [1, 3, 4]]",0.874087394,0.874087394
"[[2], [1, 3, 4]]",0.874499162,0.874499162
"[[2], [1, 3, 4]]",0.875090517,0.875090517
"[[2], [1, 3, 4]]",0.875412034,0.875412034
"[[2], [1, 3, 4]]",0.874432055,0.874432055
"[[2], [1, 3, 4]]",0.872946689,0.872946689
"[[2], [1, 3, 4]]",0.873722333,0.873722333
"[[2], [1, 3, 4]]",0.874626503,0.874626503
"[[2], [1, 3, 4]]",0.875185105,0.875185105
"[[2], [1, 3, 4]]",0.875650243,0.875650243
"[[2], [1, 3, 4]]",0.876173547,0.876173547
"[[2], [1, 3, 4]]",0.876811784,0.876811784
"[[2], [1, 3, 4]]",0.877650105,0.877650105
"[[2], [1, 3, 4]]",0.87898494,0.87898494
"[[2], [1, 3, 4]]",0.880622152,0.880622152
"[[2], [1, 3, 4]]",0.882345013,0.882345013
"[[2], [1, 3, 4]]",0.883347926,0.883347926
"[[2], [1, 3, 4]]",0.884728422,0.884728422
"[[2], [1, 3, 4]]",0.886329369,0.886329369
"[[2], [1, 3, 4]]",0.888406971,0.888406971
"[[2], [1, 3, 4]]",0.890324046,0.890324046
"[[2], [1, 3, 4]]",0.892206404,0.892206404
"[[2], [1, 3, 4]]",0.894326445,0.894326445
"[[2], [1, 3, 4]]",0.8970289,0.8970289
"[[2], [1, 3, 4]]",0.899181023,0.899181023
"[[2], [1, 3, 4]]",0.900755839,0.900755839
"[[2], [1, 3, 4]]",0.90198656,0.90198656
"[[2], [1, 3, 4]]",0.902964802,0.902964802
"[[2], [1, 3, 4]]",0.904137864,0.904137864
"[[2], [1, 3, 4]]",0.905239203,0.905239203
"[[2], [1, 3, 4]]",0.905994876,0.905994876
"[[2], [1, 3, 4]]",0.906361562,0.906361562
"[[2], [1, 3, 4]]",0.906558363,0.906558363
"[[2], [1, 3, 4]]",0.907298819,0.907298819
"[[2], [1, 3, 4]]",0.90779367,0.90779367
"[[2], [1, 3, 4]]",0.908288313,0.908288313
"[[2], [1, 3, 4]]",0.908763015,0.908763015
"[[2], [1, 3, 4]]",0.908992196,0.908992196
"[[2], [1, 3, 4]]",0.909092029,0.909092029
"[[2], [1, 3, 4]]",0.908952308,0.908952308
"[[2], [1, 3, 4]]",0.908760122,0.908760122
"[[2], [1, 3, 4]]",0.908509765,0.908509765
"[[2], [1, 3, 4]]",0.908235684,0.908235684
"[[2], [1, 3, 4]]",0.907731596,0.907731596
"[[2], [1, 3, 4]]",0.907141675,0.907141675
"[[2], [1, 3, 4]]",0.906684982,0.906684982
"[[2], [1, 3, 4]]",0.905928531,0.905928531
"[[2], [1, 3, 4]]",0.905292139,0.905292139
"[[2], [1, 3, 4]]",0.904753826,0.904753826
"[[2], [1, 3, 4]]",0.904485467,0.904485467
"[[2], [1, 3, 4]]",0.904295494,0.904295494
"[[2], [1, 3, 4]]",0.903847824,0.903847824
"[[2], [1, 3, 4]]",0.90352634,0.90352634
"[[2], [1, 3, 4]]",0.903635163,0.903635163
"[[2], [1, 3, 4]]",0.90376809,0.90376809
"[[2], [1, 3, 4]]",0.903663985,0.903663985
"[[2], [1, 3, 4]]",0.90343488,0.90343488
"[[2], [1, 3, 4]]",0.903390754,0.903390754
"[[2], [1, 3, 4]]",0.903282185,0.903282185
"[[2], [1, 3, 4]]",0.903192108,0.903192108
"[[2], [1, 3, 4]]",0.903173695,0.903173695
"[[2], [1, 3, 4]]",0.903084753,0.903084753
"[[2], [1, 3, 4]]",0.902956194,0.902956194
"[[2], [1, 3, 4]]",0.902457913,0.902457913
"[[2], [1, 3, 4]]",0.90186976,0.90186976
"[[2], [1, 3, 4]]",0.901192942,0.901192942
"[[2], [1, 3, 4]]",0.900527662,0.900527662
"[[2], [1, 3, 4]]",0.900145647,0.900145647
"[[2], [1, 3, 4]]",0.899883827,0.899883827
"[[2], [1, 3, 4]]",0.899463379,0.899463379
"[[2], [1, 3, 4]]",0.897363137,0.897363137
"[[2], [1, 3, 4]]",0.895730899,0.895730899
"[[2], [1, 3, 4]]",0.893813501,0.893813501
"[[2], [1, 3, 4]]",0.892248856,0.892248856
"[[2], [1, 3, 4]]",0.891098296,0.891098296
"[[2], [1, 3, 4]]",0.89033977,0.89033977
"[[2], [1, 3, 4]]",0.889445225,0.889445225
"[[2], [1, 3, 4]]",0.88822232,0.88822232
"[[2], [1, 3, 4]]",0.886520734,0.886520734
"[[2], [1, 3, 4]]",0.884932866,0.884932866
"[[2], [1, 3, 4]]",0.88354598,0.88354598
"[[2], [1, 3, 4]]",0.882506097,0.882506097
"[[2], [1, 3, 4]]",0.881895771,0.881895771
"[[2], [1, 3, 4]]",0.881177656,0.881177656
"[[2], [1, 3, 4]]",0.88060561,0.88060561
"[[2], [1, 3, 4]]",0.880124996,0.880124996
"[[2], [1, 3, 4]]",0.879793728,0.879793728
"[[2], [1, 3, 4]]",0.879425745,0.879425745
"[[2], [1, 3, 4]]",0.878752747,0.878752747
"[[2], [1, 3, 4]]",0.878110003,0.878110003
"[[2], [1, 3, 4]]",0.877769291,0.877769291
"[[2], [1, 3, 4]]",0.8776978,0.8776978
"[[2], [1, 3, 4]]",0.877313948,0.877313948
"[[2], [1, 3, 4]]",0.877281074,0.877281074
"[[2], [1, 3, 4]]",0.877388183,0.877388183
"[[2], [1, 3, 4]]",0.877394827,0.877394827
"[[2], [1, 3, 4]]",0.877767256,0.877767256
"[[2], [1, 3, 4]]",0.877971035,0.877971035
"[[2], [1, 3, 4]]",0.878144405,0.878144405
"[[2], [1, 3, 4]]",0.878487748,0.878487748
"[[2], [1, 3, 4]]",0.879032547,0.879032547
"[[2], [1, 3, 4]]",0.879188414,0.879188414
"[[2], [1, 3, 4]]",0.878309855,0.878309855
"[[2], [1, 3, 4]]",0.877682914,0.877682914
"[[2], [1, 3, 4]]",0.877529053,0.877529053
"[[2], [1, 3, 4]]",0.877549208,0.877549208
"[[2], [1, 3, 4]]",0.877673871,0.877673871
"[[2], [1, 3, 4]]",0.878052966,0.878052966
"[[2], [1, 3, 4]]",0.878554246,0.878554246
"[[2], [1, 3, 4]]",0.878915063,0.878915063
"[[2], [1, 3, 4]]",0.87884585,0.87884585
"[[2], [1, 3, 4]]",0.880029647,0.880029647
"[[2], [1, 3, 4]]",0.881433246,0.881433246
"[[2], [1, 3, 4]]",0.882663979,0.882663979
"[[2], [1, 3, 4]]",0.883485517,0.883485517
"[[2], [1, 3, 4]]",0.884284628,0.884284628
"[[2], [1, 3, 4]]",0.884899036,0.884899036
"[[2], [1, 3, 4]]",0.885718477,0.885718477
"[[2], [1, 3, 4]]",0.888375181,0.888375181
"[[2], [1, 3, 4]]",0.890352436,0.890352436
"[[2], [1, 3, 4]]",0.8927363,0.8927363
"[[2], [1, 3, 4]]",0.894647918,0.894647918
"[[2], [1, 3, 4]]",0.896283187,0.896283187
"[[2], [1, 3, 4]]",0.8978579,0.8978579
"[[2], [1, 3, 4]]",0.899416341,0.899416341
"[[2], [1, 3, 4]]",0.901773289,0.901773289
"[[2], [1, 3, 4]]",0.90442402,0.90442402
"[[2], [1, 3, 4]]",0.906975964,0.906975964
"[[2], [1, 3, 4]]",0.909445594,0.909445594
"[[2], [1, 3, 4]]",0.911503223,0.911503223
"[[2], [1, 3, 4]]",0.913331279,0.913331279
"[[2], [1, 3, 4]]",0.915402901,0.915402901
"[[2], [1, 3, 4]]",0.917127881,0.917127881
"[[2], [1, 3, 4]]",0.918652756,0.918652756
"[[2], [1, 3, 4]]",0.919734129,0.919734129
"[[2], [1, 3, 4]]",0.921528928,0.921528928
"[[2], [1, 3, 4]]",0.923988867,0.923988867
"[[2], [1, 3, 4]]",0.926310328,0.926310328
"[[2], [1, 3, 4]]",0.927982848,0.927982848
"[[2], [1, 3, 4]]",0.929398041,0.929398041
"[[2], [1, 3, 4]]",0.931829329,0.931829329
"[[2], [1, 3, 4]]",0.933011958,0.933011958
"[[2], [1, 3, 4]]",0.935048024,0.935048024
"[[2], [1, 3, 4]]",0.937198477,0.937198477
"[[2], [1, 3, 4]]",0.938584091,0.938584091
"[[2], [1, 3, 4]]",0.939489282,0.939489282
"[[2], [1, 3, 4]]",0.940079643,0.940079643
"[[2], [1, 3, 4]]",0.940665892,0.940665892
"[[2], [1, 3, 4]]",0.941251542,0.941251542
"[[2], [1, 3, 4]]",0.942130562,0.942130562
"[[2], [1, 3, 4]]",0.943125258,0.943125258
"[[2], [1, 3, 4]]",0.944344089,0.944344089
"[[2], [1, 3, 4]]",0.945787615,0.945787615
"[[2], [1, 3, 4]]",0.946919771,0.946919771
"[[2], [1, 3, 4]]",0.947858071,0.947858071
"[[2], [1, 3, 4]]",0.948786767,0.948786767
"[[2], [1, 3, 4]]",0.949491009,0.949491009
"[[2], [1, 3, 4]]",0.949956797,0.949956797
"[[2], [1, 3, 4]]",0.950375122,0.950375122
"[[2], [1, 3, 4]]",0.950748266,0.950748266
"[[2], [1, 3, 4]]",0.95125651,0.95125651
"[[2], [1, 3, 4]]",0.95153606,0.95153606
"[[2], [1, 3, 4]]",0.951746747,0.951746747
"[[2], [1, 3, 4]]",0.951880273,0.951880273
"[[2], [1, 3, 4]]",0.951972902,0.951972902
"[[2], [1, 3, 4]]",0.951947537,0.951947537
"[[2], [1, 3, 4]]",0.951908633,0.951908633
"[[2], [1, 3, 4]]",0.951907213,0.951907213
"[[2], [1, 3, 4]]",0.951906982,0.951906982
"[[2], [1, 3, 4]]",0.951914084,0.951914084
"[[2], [1, 3, 4]]",0.951910579,0.951910579
"[[2], [1, 3, 4]]",0.951894653,0.951894653
"[[2], [1, 3, 4]]",0.951865933,0.951865933
"[[2], [1, 3, 4]]",0.951871418,0.951871418
"[[2], [1, 3, 4]]",0.951984744,0.951984744
"[[2], [1, 3, 4]]",0.952100837,0.952100837
"[[2], [1, 3, 4]]",0.952252788,0.952252788
"[[2], [1, 3, 4]]",0.952464828,0.952464828
"[[2], [1, 3, 4]]",0.952706459,0.952706459
"[[2], [1, 3, 4]]",0.952913447,0.952913447
"[[2], [1, 3, 4]]",0.953058473,0.953058473
"[[2], [1, 3, 4]]",0.953261898,0.953261898
"[[2], [1, 3, 4]]",0.953518887,0.953518887
"[[2], [1, 3, 4]]",0.953889842,0.953889842
"[[2], [1, 3, 4]]",0.954063771,0.954063771
"[[2], [1, 3, 4]]",0.954210942,0.954210942
"[[2], [1, 3, 4]]",0.954443074,0.954443074
"[[2], [1, 3, 4]]",0.954651877,0.954651877
"[[2], [1, 3, 4]]",0.954771188,0.954771188
"[[2], [1, 3, 4]]",0.954841363,0.954841363
"[[2], [1, 3, 4]]",0.955073179,0.955073179
"[[1, 4], [2, 3]]",0.955266347,0.955266347
"[[1, 4], [2, 3]]",0.955490964,0.955490964
"[[1, 4], [2, 3]]",0.955780426,0.955780426
"[[1, 4], [2, 3]]",0.956038675,0.956038675
"[[2, 3], [1, 4]]",0.956291469,0.956291469
"[[1, 4], [2, 3]]",0.956597799,0.956597799
"[[1, 4], [2, 3]]",0.956759461,0.956759461
"[[1, 4], [2, 3]]",0.956726473,0.956726473
"[[2, 3], [1, 4]]",0.956698225,0.956698225
"[[1, 4], [2, 3]]",0.956623771,0.956623771
"[[1, 4], [2, 3]]",0.956476238,0.956476238
"[[2, 3], [1, 4]]",0.956348917,0.956348917
"[[2, 3], [1, 4]]",0.956300524,0.956300524
"[[2, 3], [1, 4]]",0.956234872,0.956234872
"[[1, 4], [2, 3]]",0.9562014,0.9562014
"[[1, 4], [2, 3]]",0.956249604,0.956249604
"[[2, 3], [1, 4]]",0.956460695,0.956460695
"[[2, 3], [1, 4]]",0.956703545,0.956703545
"[[2, 3], [1, 4]]",0.956751543,0.956751543
"[[2, 3], [1, 4]]",0.956673298,0.956673298
"[[1, 4], [2, 3]]",0.956671761,0.956671761
"[[2, 3], [1, 4]]",0.956667578,0.956667578
"[[2, 3], [1, 4]]",0.956676943,0.956676943
"[[2, 3], [1, 4]]",0.956641643,0.956641643
"[[1, 4], [2, 3]]",0.956577364,0.956577364
"[[1, 4], [2, 3]]",0.956540714,0.956540714
"[[1, 4], [2, 3]]",0.956514975,0.956514975
"[[1, 4], [2, 3]]",0.956520391,0.956520391
"[[2, 3], [1, 4]]",0.956464952,0.956464952
"[[1, 4], [2, 3]]",0.956291242,0.956291242
"[[1, 4], [2, 3]]",0.956436446,0.956436446
"[[1, 4], [2, 3]]",0.956911701,0.956911701
"[[2, 3], [1, 4]]",0.957569365,0.957569365
"[[2, 3], [1, 4]]",0.957710177,0.957710177
"[[1, 4], [2, 3]]",0.957905085,0.957905085
"[[1, 4], [2, 3]]",0.957980439,0.957980439
"[[1, 4], [2, 3]]",0.957985663,0.957985663
"[[1, 4], [2, 3]]",0.957692006,0.957692006
"[[1, 4], [2, 3]]",0.957359318,0.957359318
"[[1, 4], [2, 3]]",0.957333708,0.957333708
"[[1, 4], [2, 3]]",0.929323188,0.929323188
"[[1], [2, 3, 4]]",0.886525203,0.886525203
"[[1], [2, 3, 4]]",0.878374918,0.878374918
"[[1], [2, 3, 4]]",0.877133612,0.877133612
"[[1], [2, 3, 4]]",0.878177436,0.878177436
"[[1], [2, 3, 4]]",0.878267536,0.878267536
"[[1], [2, 3, 4]]",0.878224806,0.878224806
"[[1], [2, 3, 4]]",0.878413548,0.878413548
"[[1], [2, 3, 4]]",0.878562489,0.878562489
"[[1], [2, 3, 4]]",0.878643111,0.878643111
"[[1], [2, 3, 4]]",0.878682269,0.878682269
"[[1], [2, 3, 4]]",0.878772455,0.878772455
"[[1], [2, 3, 4]]",0.878844975,0.878844975
"[[1], [2, 3, 4]]",0.87895959,0.87895959
"[[1], [2, 3, 4]]",0.878952014,0.878952014
"[[1], [2, 3, 4]]",0.878695445,0.878695445
"[[1], [2, 3, 4]]",0.878349423,0.878349423
"[[1], [2, 3, 4]]",0.878290414,0.878290414
"[[1], [2, 3, 4]]",0.878437473,0.878437473
"[[1], [2, 3, 4]]",0.878663763,0.878663763
"[[1], [2, 3, 4]]",0.878907794,0.878907794
"[[1], [2, 3, 4]]",0.879045709,0.879045709
"[[1], [2, 3, 4]]",0.87906828,0.87906828
"[[1], [2, 3, 4]]",0.879037167,0.879037167
"[[1], [2, 3, 4]]",0.87909746,0.87909746
"[[1], [2, 3, 4]]",0.879228782,0.879228782
"[[1], [2, 3, 4]]",0.879158747,0.879158747
"[[1], [2, 3, 4]]",0.878928057,0.878928057
"[[1], [2, 3, 4]]",0.879026921,0.879026921
"[[1], [2, 3, 4]]",0.879049849,0.879049849
"[[1], [2, 3, 4]]",0.879140538,0.879140538
"[[1], [2, 3, 4]]",0.879344567,0.879344567
"[[1], [2, 3, 4]]",0.879541143,0.879541143
"[[1], [2, 3, 4]]",0.879673752,0.879673752
"[[1], [2, 3, 4]]",0.879845524,0.879845524
"[[1], [2, 3, 4]]",0.880041384,0.880041384
"[[1], [2, 3, 4]]",0.880285517,0.880285517
"[[1], [2, 3, 4]]",0.880718865,0.880718865
"[[1], [2, 3, 4]]",0.880748638,0.880748638
"[[1], [2, 3, 4]]",0.880084651,0.880084651
"[[1], [2, 3, 4]]",0.879209894,0.879209894
"[[1], [2, 3, 4]]",0.877889746,0.877889746
"[[1], [2, 3, 4]]",0.876907035,0.876907035
"[[1], [2, 3, 4]]",0.876126077,0.876126077
"[[1], [2, 3, 4]]",0.875534423,0.875534423
"[[1], [2, 3, 4]]",0.874397467,0.874397467
"[[1], [2, 3, 4]]",0.872814933,0.872814933
"[[1], [2, 3, 4]]",0.871379183,0.871379183
"[[1], [2, 3, 4]]",0.874740275,0.874740275
"[[1], [2, 3, 4]]",0.907243201,0.907243201
"[[2], [1, 3, 4]]",0.929266597,0.929266597
"[[2], [1, 3, 4]]",0.945393642,0.945393642
"[[2], [1, 3, 4]]",0.945000287,0.945000287
"[[2], [1, 3, 4]]",0.944495119,0.944495119
"[[2], [1, 3, 4]]",0.944138026,0.944138026
"[[2], [1, 3, 4]]",0.943428662,0.943428662
"[[2], [1, 3, 4]]",0.942738842,0.942738842
"[[2], [1, 3, 4]]",0.942219657,0.942219657
"[[2], [1, 3, 4]]",0.941749976,0.941749976
"[[2], [1, 3, 4]]",0.941225955,0.941225955
"[[2], [1, 3, 4]]",0.940766899,0.940766899
"[[2], [1, 3, 4]]",0.940331798,0.940331798
"[[2], [1, 3, 4]]",0.940043056,0.940043056
"[[2], [1, 3, 4]]",0.939954989,0.939954989
"[[2], [1, 3, 4]]",0.939915396,0.939915396
"[[2], [1, 3, 4]]",0.939865631,0.939865631
"[[2], [1, 3, 4]]",0.93975264,0.93975264
"[[2], [1, 3, 4]]",0.939567578,0.939567578
"[[2], [1, 3, 4]]",0.93942097,0.93942097
"[[2], [1, 3, 4]]",0.939498468,0.939498468
"[[2], [1, 3, 4]]",0.939683079,0.939683079
"[[2], [1, 3, 4]]",0.939758469,0.939758469
"[[2], [1, 3, 4]]",0.937999935,0.937999935
"[[1], [2, 3, 4]]",0.880037108,0.880037108
"[[1], [2, 3, 4]]",0.873194141,0.873194141
"[[1], [2, 3, 4]]",0.874724472,0.874724472
"[[1], [2, 3, 4]]",0.875668555,0.875668555
"[[1], [2, 3, 4]]",0.875908623,0.875908623
"[[1], [2, 3, 4]]",0.875991077,0.875991077
"[[1], [2, 3, 4]]",0.876013776,0.876013776
"[[1], [2, 3, 4]]",0.876085473,0.876085473
"[[1], [2, 3, 4]]",0.876269073,0.876269073
"[[1], [2, 3, 4]]",0.87638049,0.87638049
"[[1], [2, 3, 4]]",0.876504035,0.876504035
"[[1], [2, 3, 4]]",0.876660291,0.876660291
"[[1], [2, 3, 4]]",0.877102412,0.877102412
"[[1], [2, 3, 4]]",0.878046882,0.878046882
"[[1], [2, 3, 4]]",0.879245287,0.879245287
"[[1], [2, 3, 4]]",0.880402825,0.880402825
"[[1], [2, 3, 4]]",0.881326294,0.881326294
"[[1], [2, 3, 4]]",0.882033503,0.882033503
"[[1], [2, 3, 4]]",0.882470777,0.882470777
"[[1], [2, 3, 4]]",0.882673043,0.882673043
"[[1], [2, 3, 4]]",0.882943679,0.882943679
"[[1], [2, 3, 4]]",0.883408822,0.883408822
"[[1], [2, 3, 4]]",0.883948029,0.883948029
"[[1], [2, 3, 4]]",0.884410374,0.884410374
"[[1], [2, 3, 4]]",0.884652691,0.884652691
"[[1], [2, 3, 4]]",0.884790896,0.884790896
"[[1], [2, 3, 4]]",0.884920358,0.884920358
"[[1], [2, 3, 4]]",0.885021337,0.885021337
"[[1], [2, 3, 4]]",0.8850872,0.8850872
"[[1], [2, 3, 4]]",0.885107557,0.885107557
"[[1], [2, 3, 4]]",0.885079309,0.885079309
"[[1], [2, 3, 4]]",0.885005151,0.885005151
"[[1], [2, 3, 4]]",0.884842538,0.884842538
"[[1], [2, 3, 4]]",0.884667965,0.884667965
"[[1], [2, 3, 4]]",0.884467929,0.884467929
"[[1], [2, 3, 4]]",0.884266087,0.884266087
"[[1], [2, 3, 4]]",0.884048122,0.884048122
"[[1], [2, 3, 4]]",0.883747103,0.883747103
"[[1], [2, 3, 4]]",0.883538947,0.883538947
"[[1], [2, 3, 4]]",0.883074826,0.883074826
"[[1], [2, 3, 4]]",0.882576366,0.882576366
"[[1], [2, 3, 4]]",0.882124997,0.882124997
"[[1], [2, 3, 4]]",0.881632965,0.881632965
"[[1], [2, 3, 4]]",0.881206124,0.881206124
"[[1], [2, 3, 4]]",0.880386685,0.880386685
"[[1], [2, 3, 4]]",0.879508232,0.879508232
"[[1], [2, 3, 4]]",0.878393226,0.878393226
"[[1], [2, 3, 4]]",0.876395137,0.876395137
"[[2], [1, 3, 4]]",0.915026145,0.915026145
"[[2], [1, 3, 4]]",0.936864911,0.936864911
"[[2], [1, 3, 4]]",0.943356654,0.943356654
"[[2], [1, 3, 4]]",0.942637238,0.942637238
"[[2], [1, 3, 4]]",0.941727844,0.941727844
"[[2], [1, 3, 4]]",0.94092719,0.94092719
"[[2], [1, 3, 4]]",0.94010936,0.94010936
"[[2], [1, 3, 4]]",0.939288763,0.939288763
"[[2], [1, 3, 4]]",0.93846212,0.93846212
"[[2], [1, 3, 4]]",0.937768203,0.937768203
"[[2], [1, 3, 4]]",0.937161755,0.937161755
"[[2], [1, 3, 4]]",0.936548953,0.936548953
"[[2], [1, 3, 4]]",0.935636166,0.935636166
"[[2], [1, 3, 4]]",0.935002772,0.935002772
"[[2], [1, 3, 4]]",0.934471216,0.934471216
"[[2], [1, 3, 4]]",0.93436079,0.93436079
"[[2], [1, 3, 4]]",0.934430411,0.934430411
"[[2], [1, 3, 4]]",0.934356684,0.934356684
"[[2], [1, 3, 4]]",0.934265103,0.934265103
"[[2], [1, 3, 4]]",0.934203554,0.934203554
"[[2], [1, 3, 4]]",0.934123906,0.934123906
"[[2], [1, 3, 4]]",0.934045045,0.934045045
"[[2], [1, 3, 4]]",0.93401279,0.93401279
"[[2], [1, 3, 4]]",0.934250565,0.934250565
"[[2], [1, 3, 4]]",0.934524462,0.934524462
"[[2], [1, 3, 4]]",0.93476221,0.93476221
"[[2], [1, 3, 4]]",0.935042721,0.935042721
"[[2], [1, 3, 4]]",0.935345366,0.935345366
"[[2], [1, 3, 4]]",0.935601884,0.935601884
"[[2], [1, 3, 4]]",0.935947717,0.935947717
"[[2], [1, 3, 4]]",0.936710767,0.936710767
"[[2], [1, 3, 4]]",0.937397318,0.937397318
"[[2], [1, 3, 4]]",0.938160521,0.938160521
"[[2], [1, 3, 4]]",0.938839246,0.938839246
"[[2], [1, 3, 4]]",0.939538363,0.939538363
"[[2], [1, 3, 4]]",0.940289498,0.940289498
"[[2], [1, 3, 4]]",0.941111994,0.941111994
"[[2], [1, 3, 4]]",0.941781253,0.941781253
"[[2], [1, 3, 4]]",0.94238589,0.94238589
"[[2], [1, 3, 4]]",0.943186218,0.943186218
"[[2], [1, 3, 4]]",0.943935786,0.943935786
"[[2], [1, 3, 4]]",0.944572185,0.944572185
"[[2], [1, 3, 4]]",0.945310066,0.945310066
"[[2], [1, 3, 4]]",0.945932714,0.945932714
"[[2], [1, 3, 4]]",0.946469301,0.946469301
"[[2], [1, 3, 4]]",0.946904469,0.946904469
"[[2], [1, 3, 4]]",0.947257772,0.947257772
"[[2], [1, 3, 4]]",0.947751691,0.947751691
"[[2], [1, 3, 4]]",0.948734146,0.948734146
"[[2], [1, 3, 4]]",0.949542203,0.949542203
"[[2], [1, 3, 4]]",0.950164082,0.950164082
"[[2], [1, 3, 4]]",0.950572337,0.950572337
"[[2], [1, 3, 4]]",0.951051748,0.951051748
"[[2], [1, 3, 4]]",0.951484048,0.951484048
"[[2], [1, 3, 4]]",0.951737233,0.951737233
"[[2], [1, 3, 4]]",0.952156697,0.952156697
"[[2], [1, 3, 4]]",0.952624196,0.952624196
"[[2], [1, 3, 4]]",0.95296676,0.95296676
"[[2], [1, 3, 4]]",0.953301755,0.953301755
"[[2], [1, 3, 4]]",0.953662192,0.953662192
"[[2], [1, 3, 4]]",0.95418616,0.95418616
"[[2], [1, 3, 4]]",0.954132387,0.954132387
"[[2], [1, 3, 4]]",0.953946625,0.953946625
"[[2], [1, 3, 4]]",0.953855443,0.953855443
"[[2], [1, 3, 4]]",0.953681434,0.953681434
"[[2], [1, 3, 4]]",0.953302389,0.953302389
"[[2], [1, 3, 4]]",0.953021828,0.953021828
"[[2], [1, 3, 4]]",0.952843971,0.952843971
"[[2], [1, 3, 4]]",0.952654946,0.952654946
"[[2], [1, 3, 4]]",0.952468423,0.952468423
"[[2], [1, 3, 4]]",0.95231732,0.95231732
"[[2], [1, 3, 4]]",0.952421484,0.952421484
"[[2], [1, 3, 4]]",0.952619287,0.952619287
"[[2], [1, 3, 4]]",0.952702531,0.952702531
"[[2], [1, 3, 4]]",0.952826142,0.952826142
"[[2], [1, 3, 4]]",0.952775789,0.952775789
"[[2], [1, 3, 4]]",0.952736244,0.952736244
"[[2], [1, 3, 4]]",0.952756318,0.952756318
"[[2], [1, 3, 4]]",0.952625869,0.952625869
"[[2], [1, 3, 4]]",0.952588415,0.952588415
"[[2], [1, 3, 4]]",0.952542355,0.952542355
"[[2], [1, 3, 4]]",0.952508483,0.952508483
"[[2], [1, 3, 4]]",0.952455246,0.952455246
"[[2], [1, 3, 4]]",0.952404384,0.952404384
"[[2], [1, 3, 4]]",0.952245828,0.952245828
"[[2], [1, 3, 4]]",0.95196012,0.95196012
"[[2], [1, 3, 4]]",0.951761762,0.951761762
"[[2], [1, 3, 4]]",0.95185813,0.95185813
"[[2], [1, 3, 4]]",0.951957527,0.951957527
"[[2], [1, 3, 4]]",0.952002876,0.952002876
"[[2], [1, 3, 4]]",0.951840087,0.951840087
"[[2], [1, 3, 4]]",0.951611886,0.951611886
"[[2], [1, 3, 4]]",0.951561061,0.951561061
"[[2], [1, 3, 4]]",0.951528583,0.951528583
"[[2], [1, 3, 4]]",0.951501414,0.951501414
"[[2], [1, 3, 4]]",0.951491628,0.951491628
"[[2], [1, 3, 4]]",0.951201017,0.951201017
"[[2], [1, 3, 4]]",0.951087438,
"[[2], [1, 3, 4]]",0.95111237,
"[[2], [1, 3, 4]]",0.951182037,
"[[2], [1, 3, 4]]",0.951277665,
"[[2], [1, 3, 4]]",0.951376709,
"[[2], [1, 3, 4]]",0.951670668,
"[[2], [1, 3, 4]]",0.951885158,
"[[2], [1, 3, 4]]",0.952064439,
"[[2], [1, 3, 4]]",0.952313721,
"[[2], [1, 3, 4]]",0.952513886,
"[[2], [1, 3, 4]]",0.952774269,
"[[2], [1, 3, 4]]",0.953145187,
"[[2], [1, 3, 4]]",0.953758454,
"[[2], [1, 3, 4]]",0.954159487,
"[[2], [1, 3, 4]]",0.954440695,
"[[2], [1, 3, 4]]",0.954789386,
"[[2], [1, 3, 4]]",0.955385442,
"[[2], [1, 3, 4]]",0.95603122,
"[[2], [1, 3, 4]]",0.956450715,
"[[2], [1, 3, 4]]",0.956894198,
"[[2], [1, 3, 4]]",0.957361653,
"[[2], [1, 3, 4]]",0.957760639,
"[[2], [1, 3, 4]]",0.957521367,
"[[1], [2, 3, 4]]",0.896798828,
"[[1], [2, 3, 4]]",0.8832027,
"[[1], [2, 3, 4]]",0.885008942,
"[[1], [2, 3, 4]]",0.88669402,
"[[1], [2, 3, 4]]",0.887331735,
"[[1], [2, 3, 4]]",0.887377672,
"[[1], [2, 3, 4]]",0.887179344,
"[[1], [2, 3, 4]]",0.887029152,
"[[1], [2, 3, 4]]",0.886921582,
"[[1], [2, 3, 4]]",0.886743873,
"[[1], [2, 3, 4]]",0.886549564,
"[[1], [2, 3, 4]]",0.8864096,
"[[1], [2, 3, 4]]",0.886457633,
"[[1], [2, 3, 4]]",0.887467354,
"[[1], [2, 3, 4]]",0.88879269,
"[[1], [2, 3, 4]]",0.889965218,
"[[1], [2, 3, 4]]",0.890958038,
"[[1], [2, 3, 4]]",0.891882314,
"[[1], [2, 3, 4]]",0.892708208,
"[[1], [2, 3, 4]]",0.893382761,
"[[1], [2, 3, 4]]",0.894314455,
"[[1], [2, 3, 4]]",0.895064514,
"[[1], [2, 3, 4]]",0.89582315,
"[[1], [2, 3, 4]]",0.89661653,
"[[1], [2, 3, 4]]",0.897249148,
"[[1], [2, 3, 4]]",0.89790559,
"[[1], [2, 3, 4]]",0.898573552,
"[[1], [2, 3, 4]]",0.899035695,
"[[1], [2, 3, 4]]",0.8991525,
"[[1], [2, 3, 4]]",0.89919702,
"[[1], [2, 3, 4]]",0.899532518,
"[[1], [2, 3, 4]]",0.899823332,
"[[1], [2, 3, 4]]",0.900094418,
"[[1], [2, 3, 4]]",0.900314409,
"[[1], [2, 3, 4]]",0.90048249,
"[[1], [2, 3, 4]]",0.90063808,
"[[1], [2, 3, 4]]",0.900862293,
"[[1], [2, 3, 4]]",0.900770903,
"[[1], [2, 3, 4]]",0.900561836,
"[[1], [2, 3, 4]]",0.900340029,
"[[1], [2, 3, 4]]",0.900067356,
"[[1], [2, 3, 4]]",0.899671943,
"[[1], [2, 3, 4]]",0.899191151,
"[[1], [2, 3, 4]]",0.898522519,
"[[1], [2, 3, 4]]",0.897748773,
"[[1], [2, 3, 4]]",0.897010116,
"[[1], [2, 3, 4]]",0.896345358,
"[[1], [2, 3, 4]]",0.895231431,
"[[1, 4], [2, 3]]",0.926470264,
"[[1, 4], [2, 3]]",0.953490695,
"[[1, 4], [2, 3]]",0.954024405,
"[[2, 3], [1, 4]]",0.953380692,
"[[2, 3], [1, 4]]",0.952299106,
"[[1, 4], [2, 3]]",0.9516231,
"[[2], [1, 3, 4]]",0.950448369,
"[[2], [1, 3, 4]]",0.949522374,
"[[2], [1, 3, 4]]",0.948309116,
"[[2], [1, 3, 4]]",0.947599859,
"[[2], [1, 3, 4]]",0.946937785,
"[[2], [1, 3, 4]]",0.946209757,
"[[2], [1, 3, 4]]",0.944904742,
"[[2], [1, 3, 4]]",0.943345991,
"[[2], [1, 3, 4]]",0.942284273,
"[[2], [1, 3, 4]]",0.941308855,
"[[2], [1, 3, 4]]",0.940188149,
"[[2], [1, 3, 4]]",0.938975373,
"[[2], [1, 3, 4]]",0.937790319,
"[[2], [1, 3, 4]]",0.936610878,
"[[2], [1, 3, 4]]",0.935391178,
"[[2], [1, 3, 4]]",0.93428685,
"[[2], [1, 3, 4]]",0.933311617,
"[[2], [1, 3, 4]]",0.932610485,
"[[2], [1, 3, 4]]",0.932268382,
"[[2], [1, 3, 4]]",0.931828585,
"[[2], [1, 3, 4]]",0.931665142,
"[[2], [1, 3, 4]]",0.931498744,
"[[2], [1, 3, 4]]",0.931571742,
"[[2], [1, 3, 4]]",0.931894887,
"[[2], [1, 3, 4]]",0.931892254,
"[[2], [1, 3, 4]]",0.93196092,
"[[2], [1, 3, 4]]",0.932160248,
"[[2], [1, 3, 4]]",0.932290948,
"[[2], [1, 3, 4]]",0.932494908,
"[[2], [1, 3, 4]]",0.932739505,
"[[2], [1, 3, 4]]",0.93284563,
"[[2], [1, 3, 4]]",0.932997742,
"[[2], [1, 3, 4]]",0.93291145,
"[[2], [1, 3, 4]]",0.932811207,
"[[2], [1, 3, 4]]",0.932815736,
"[[2], [1, 3, 4]]",0.932766399,
"[[2], [1, 3, 4]]",0.932722843,
"[[2], [1, 3, 4]]",0.932712452,
"[[2], [1, 3, 4]]",0.932592249,
"[[2], [1, 3, 4]]",0.932315924,
"[[2], [1, 3, 4]]",0.932034465,
"[[2], [1, 3, 4]]",0.931713361,
"[[2], [1, 3, 4]]",0.931250598,
"[[2], [1, 3, 4]]",0.930993497,
"[[2], [1, 3, 4]]",0.930650155,
"[[2], [1, 3, 4]]",0.93023954,
"[[2], [1, 3, 4]]",0.92941728,
"[[2], [1, 3, 4]]",0.92852198,
"[[2], [1, 3, 4]]",0.928319047,
"[[2], [1, 3, 4]]",0.928013703,
"[[2], [1, 3, 4]]",0.928353425,
"[[2], [1, 3, 4]]",0.928498798,
"[[2], [1, 3, 4]]",0.928767892,
"[[2], [1, 3, 4]]",0.929132768,
"[[2], [1, 3, 4]]",0.930002522,
"[[2], [1, 3, 4]]",0.929702787,
"[[2], [1, 3, 4]]",0.928837151,
"[[2], [1, 3, 4]]",0.926776048,
"[[2], [1, 3, 4]]",0.924416037,
"[[2], [1, 3, 4]]",0.922237863,
"[[2], [1, 3, 4]]",0.919757582,
"[[2], [1, 3, 4]]",0.917167871,
"[[2], [1, 3, 4]]",0.915198833,
"[[2], [1, 3, 4]]",0.913173525,
"[[2], [1, 3, 4]]",0.911143101,
"[[2], [1, 3, 4]]",0.909416252,
"[[2], [1, 3, 4]]",0.907011163,
"[[2], [1, 3, 4]]",0.90417341,
"[[2], [1, 3, 4]]",0.901413145,
"[[2], [1, 3, 4]]",0.899348836,
"[[2], [1, 3, 4]]",0.897447699,
"[[2], [1, 3, 4]]",0.895699955,
"[[2], [1, 3, 4]]",0.894203298,
"[[2], [1, 3, 4]]",0.892687036,
"[[2], [1, 3, 4]]",0.891083484,
"[[2], [1, 3, 4]]",0.890154218,
"[[2], [1, 3, 4]]",0.889535964,
"[[2], [1, 3, 4]]",0.88908452,
"[[2], [1, 3, 4]]",0.888927084,
"[[2], [1, 3, 4]]",0.88854718,
"[[2], [1, 3, 4]]",0.88753287,
"[[2], [1, 3, 4]]",0.88721843,
"[[2], [1, 3, 4]]",0.887141118,
"[[2], [1, 3, 4]]",0.887317031,
"[[2], [1, 3, 4]]",0.887293741,
"[[2], [1, 3, 4]]",0.887090339,
"[[2], [1, 3, 4]]",0.886889173,
"[[2], [1, 3, 4]]",0.886480391,
"[[2], [1, 3, 4]]",0.886344012,
"[[2], [1, 3, 4]]",0.886222577,
"[[2], [1, 3, 4]]",0.8860812,
"[[2], [1, 3, 4]]",0.885929308,
"[[2], [1, 3, 4]]",0.885468432,
"[[2], [1, 3, 4]]",0.884345649,
"[[2], [1, 3, 4]]",0.883416982,
